p_ext	p_amp	energy_A
0.539179	0.18	0.15
0.505944	0.58	0.15
0.498672	0.58	0.41
0.479857	0.79	0.15
0.494356	0.58	0.15
0.554812	0.58	0.15
0.545281	0.38	0.41
0.492197	0.58	0.41
0.503651	0.58	0.41
0.578344	0.28	0.15
