chr	start	end	p_ext	p_amp	energy_A
chr1	1523	1773	0.539179	0.18	0.15
chr1	5612	5862	0.505944	0.58	0.15
chr1	11241	11491	0.498672	0.58	0.41
chr1	11620	11870	0.479857	0.79	0.15
chr1	20066	20316	0.494356	0.58	1.15
chr1	22716	22966	0.554812	0.58	0.15
chr1	35534	35784	0.545281	0.38	0.41
chr1	48914	49164	0.492197	0.58	9.41
chr1	92766	93016	0.503651	0.58	0.41
chr1	156041	156241	0.578344	0.28	0.15
